word;translation
hahaha;des
hahaha;des
hahaha;des
still;description
still;description
;description
still;description
;description
;description
;description
;description
;description
;description
cat;description
cat;description
identation;description
cat;description
identation;description
identation;description
still;description
stillsa;description
stillsa;description
still;description
still;description
still;description
still;description
stillv;description
still;description
still;description
